{
	"configs" : [
		{
			"remarks" : "",
			"id" : "D1C59C771921FCF1C820113190B4797C",
			"server" : "35.241.107.183",
			"server_port" : 8103,
			"server_udp_port" : 0,
			"password" : "Jyq810302",
			"method" : "aes-256-cfb",
			"protocol" : "auth_chain_b",
			"protocolparam" : "",
			"obfs" : "random_head",
			"obfsparam" : "baidu.com",
			"remarks_base64" : "",
			"group" : "FreeSSR-public",
			"enable" : true,
			"udp_over_tcp" : false
		},
		{
			"remarks" : "剩余流量：83.05% 66.44GB",
			"id" : "0905A86F37EFF6D85F179E5BBC9A9F69",
			"server" : "www.google.com",
			"server_port" : 1,
			"server_udp_port" : 0,
			"password" : "breakwall",
			"method" : "chacha20",
			"protocol" : "auth_chain_a",
			"protocolparam" : "",
			"obfs" : "tls1.2_ticket_auth",
			"obfsparam" : "",
			"remarks_base64" : "5Ymp5L2Z5rWB6YeP77yaODMuMDUlIDY2LjQ0R0I",
			"group" : "乐米酷科学上网",
			"enable" : true,
			"udp_over_tcp" : false
		},
		{
			"remarks" : "过期时间：2018-12-12 19:26:40",
			"id" : "C0222B9156E1AB44C1595708F00A8C9E",
			"server" : "www.google.com",
			"server_port" : 2,
			"server_udp_port" : 0,
			"password" : "breakwall",
			"method" : "chacha20",
			"protocol" : "auth_chain_a",
			"protocolparam" : "",
			"obfs" : "tls1.2_ticket_auth",
			"obfsparam" : "",
			"remarks_base64" : "6L-H5pyf5pe26Ze077yaMjAxOC0xMi0xMiAxOToyNjo0MA",
			"group" : "乐米酷科学上网",
			"enable" : true,
			"udp_over_tcp" : false
		},
		{
			"remarks" : "上海中转|限速1M|游戏加速|自行配置中转规则 - 香港HKBN|高倍率|这个节点太拥挤了能不能换个节点蹂躏老铁们",
			"id" : "FEB34B0C8EA8798FD40D365940893E9F",
			"server" : "ssrten.letmecool.com",
			"server_port" : 15984,
			"server_udp_port" : 0,
			"password" : "C6Rfwx",
			"method" : "rc4-md5",
			"protocol" : "origin",
			"protocolparam" : "",
			"obfs" : "plain",
			"obfsparam" : "",
			"remarks_base64" : "5LiK5rW35Lit6L2sfOmZkOmAnzFNfOa4uOaIj-WKoOmAn3zoh6rooYzphY3nva7kuK3ovazop4TliJkgLSDpppnmuK9IS0JOfOmrmOWAjeeOh3zov5nkuKroioLngrnlpKrmi6XmjKTkuobog73kuI3og73mjaLkuKroioLngrnouYLouo_ogIHpk4Hku6w",
			"group" : "乐米酷科学上网",
			"enable" : true,
			"udp_over_tcp" : false
		},
		{
			"remarks" : "俄罗斯伯力|请经常网站内签到",
			"id" : "3BD0F3A149F502CC14DBA31AAC6209E9",
			"server" : "ssrboli.letmecool.com",
			"server_port" : 15984,
			"server_udp_port" : 0,
			"password" : "C6Rfwx",
			"method" : "rc4-md5",
			"protocol" : "origin",
			"protocolparam" : "",
			"obfs" : "plain",
			"obfsparam" : "",
			"remarks_base64" : "5L-E572X5pav5Lyv5YqbfOivt-e7j-W4uOe9keermeWGheetvuWIsA",
			"group" : "乐米酷科学上网",
			"enable" : true,
			"udp_over_tcp" : false
		},
		{
			"remarks" : "新加坡PCCW|Netflix|A",
			"id" : "4D78FBBDED032869ACB0E740AE975928",
			"server" : "ssrsg1.letmecool.com",
			"server_port" : 15984,
			"server_udp_port" : 0,
			"password" : "C6Rfwx",
			"method" : "rc4-md5",
			"protocol" : "origin",
			"protocolparam" : "",
			"obfs" : "plain",
			"obfsparam" : "",
			"remarks_base64" : "5paw5Yqg5Z2hUENDV3xOZXRmbGl4fEE",
			"group" : "乐米酷科学上网",
			"enable" : true,
			"udp_over_tcp" : false
		},
		{
			"remarks" : "日本|Netflix",
			"id" : "0F778D7B2E95C997EE98EF1B110A2CCF",
			"server" : "jp.letmecool.com",
			"server_port" : 15984,
			"server_udp_port" : 0,
			"password" : "C6Rfwx",
			"method" : "rc4-md5",
			"protocol" : "origin",
			"protocolparam" : "",
			"obfs" : "plain",
			"obfsparam" : "",
			"remarks_base64" : "5pel5pysfE5ldGZsaXg",
			"group" : "乐米酷科学上网",
			"enable" : true,
			"udp_over_tcp" : false
		},
		{
			"remarks" : "美国CN2-A",
			"id" : "D6628ADB6F029E5E3FF313192864015B",
			"server" : "ssrtri.letmecool.com",
			"server_port" : 15984,
			"server_udp_port" : 0,
			"password" : "C6Rfwx",
			"method" : "rc4-md5",
			"protocol" : "origin",
			"protocolparam" : "",
			"obfs" : "plain",
			"obfsparam" : "",
			"remarks_base64" : "576O5Zu9Q04yLUE",
			"group" : "乐米酷科学上网",
			"enable" : true,
			"udp_over_tcp" : false
		},
		{
			"remarks" : "美国CN2-B",
			"id" : "A7E5B25A64C3B7A352AF1D9F1700D88E",
			"server" : "ssrbwh.letmecool.com",
			"server_port" : 15984,
			"server_udp_port" : 0,
			"password" : "C6Rfwx",
			"method" : "rc4-md5",
			"protocol" : "origin",
			"protocolparam" : "",
			"obfs" : "plain",
			"obfsparam" : "",
			"remarks_base64" : "576O5Zu9Q04yLUI",
			"group" : "乐米酷科学上网",
			"enable" : true,
			"udp_over_tcp" : false
		},
		{
			"remarks" : "美国CN2-GT",
			"id" : "B4853CBAB09D8BCC633BB568EC79CEFB",
			"server" : "ssrgt.letmecool.com",
			"server_port" : 15984,
			"server_udp_port" : 0,
			"password" : "C6Rfwx",
			"method" : "rc4-md5",
			"protocol" : "origin",
			"protocolparam" : "",
			"obfs" : "plain",
			"obfsparam" : "",
			"remarks_base64" : "576O5Zu9Q04yLUdU",
			"group" : "乐米酷科学上网",
			"enable" : true,
			"udp_over_tcp" : false
		},
		{
			"remarks" : "俄罗斯莫斯科CN2",
			"id" : "1BD062FA56698F482DC24F84C407628C",
			"server" : "ssrru.letmecool.com",
			"server_port" : 15984,
			"server_udp_port" : 0,
			"password" : "C6Rfwx",
			"method" : "rc4-md5",
			"protocol" : "origin",
			"protocolparam" : "",
			"obfs" : "plain",
			"obfsparam" : "",
			"remarks_base64" : "5L-E572X5pav6I6r5pav56eRQ04y",
			"group" : "乐米酷科学上网",
			"enable" : true,
			"udp_over_tcp" : false
		},
		{
			"remarks" : "香港CN2游戏专线|限速20M",
			"id" : "07A9DA96B0A507C88659962312C49088",
			"server" : "gighk.letmecool.com",
			"server_port" : 15984,
			"server_udp_port" : 0,
			"password" : "C6Rfwx",
			"method" : "rc4-md5",
			"protocol" : "origin",
			"protocolparam" : "",
			"obfs" : "plain",
			"obfsparam" : "",
			"remarks_base64" : "6aaZ5rivQ04y5ri45oiP5LiT57q_fOmZkOmAnzIwTQ",
			"group" : "乐米酷科学上网",
			"enable" : true,
			"udp_over_tcp" : false
		},
		{
			"remarks" : "香港HKBN|高倍率|这个节点太拥挤了能不能换个节点蹂躏老铁们",
			"id" : "9F4F1C674345504C47F7E067CF6436B0",
			"server" : "ssrhkbn.letmecool.com",
			"server_port" : 15984,
			"server_udp_port" : 0,
			"password" : "C6Rfwx",
			"method" : "rc4-md5",
			"protocol" : "origin",
			"protocolparam" : "",
			"obfs" : "plain",
			"obfsparam" : "",
			"remarks_base64" : "6aaZ5rivSEtCTnzpq5jlgI3njod86L-Z5Liq6IqC54K55aSq5oul5oyk5LqG6IO95LiN6IO95o2i5Liq6IqC54K56LmC6LqP6ICB6ZOB5Lus",
			"group" : "乐米酷科学上网",
			"enable" : true,
			"udp_over_tcp" : false
		},
		{
			"remarks" : "香港游戏专线1|限速20M",
			"id" : "48AC94601325BD8CAFD0026BD1966010",
			"server" : "alihk1.letmecool.com",
			"server_port" : 15984,
			"server_udp_port" : 0,
			"password" : "C6Rfwx",
			"method" : "rc4-md5",
			"protocol" : "origin",
			"protocolparam" : "",
			"obfs" : "plain",
			"obfsparam" : "",
			"remarks_base64" : "6aaZ5riv5ri45oiP5LiT57q_MXzpmZDpgJ8yME0",
			"group" : "乐米酷科学上网",
			"enable" : true,
			"udp_over_tcp" : false
		},
		{
			"remarks" : "香港游戏专线2|限速20M",
			"id" : "13F6F98730C94CB419F980859928AE17",
			"server" : "alihk2.letmecool.com",
			"server_port" : 15984,
			"server_udp_port" : 0,
			"password" : "C6Rfwx",
			"method" : "rc4-md5",
			"protocol" : "origin",
			"protocolparam" : "",
			"obfs" : "plain",
			"obfsparam" : "",
			"remarks_base64" : "6aaZ5riv5ri45oiP5LiT57q_MnzpmZDpgJ8yME0",
			"group" : "乐米酷科学上网",
			"enable" : true,
			"udp_over_tcp" : false
		}
	],
	"index" : 0,
	"random" : true,
	"sysProxyMode" : 3,
	"shareOverLan" : false,
	"localPort" : 1080,
	"localAuthPassword" : "1W4YasM9Isn_r8qYd0oU",
	"dnsServer" : "",
	"reconnectTimes" : 2,
	"randomAlgorithm" : 3,
	"randomInGroup" : false,
	"TTL" : 0,
	"connectTimeout" : 5,
	"proxyRuleMode" : 2,
	"proxyEnable" : false,
	"pacDirectGoProxy" : false,
	"proxyType" : 0,
	"proxyHost" : null,
	"proxyPort" : 0,
	"proxyAuthUser" : null,
	"proxyAuthPass" : null,
	"proxyUserAgent" : null,
	"authUser" : null,
	"authPass" : null,
	"autoBan" : false,
	"sameHostForSameTarget" : false,
	"keepVisitTime" : 180,
	"isHideTips" : false,
	"nodeFeedAutoUpdate" : true,
	"serverSubscribes" : [

	],
	"token" : {

	},
	"portMap" : {

	}
}