{
	"ssrten.letmecool.com" : {
		"totalUploadBytes" : 16183231,
		"totalDownloadBytes" : 181925881
	},
	"ssrlondon.letmecool.com" : {
		"totalUploadBytes" : 163191,
		"totalDownloadBytes" : 7325415
	},
	"ssrhkbn.letmecool.com" : {
		"totalUploadBytes" : 9562816,
		"totalDownloadBytes" : 847258611
	},
	"ssrru.letmecool.com" : {
		"totalUploadBytes" : 6341807,
		"totalDownloadBytes" : 342794263
	},
	"ssrsg.letmecool.com" : {
		"totalUploadBytes" : 314210,
		"totalDownloadBytes" : 8315958
	},
	"gighk.letmecool.com" : {
		"totalUploadBytes" : 316806,
		"totalDownloadBytes" : 5774539
	},
	"ssrsg1.letmecool.com" : {
		"totalUploadBytes" : 5259145,
		"totalDownloadBytes" : 349042361
	},
	"ssrboli.letmecool.com" : {
		"totalUploadBytes" : 2642561,
		"totalDownloadBytes" : 142008579
	},
	"jp.letmecool.com" : {
		"totalUploadBytes" : 5385174,
		"totalDownloadBytes" : 149564610
	},
	"ssrtri.letmecool.com" : {
		"totalUploadBytes" : 3611892,
		"totalDownloadBytes" : 197160071
	},
	"ssrgt.letmecool.com" : {
		"totalUploadBytes" : 3150527,
		"totalDownloadBytes" : 73558215
	},
	"ssrbwh.letmecool.com" : {
		"totalUploadBytes" : 371174,
		"totalDownloadBytes" : 7847920
	},
	"alihk2.letmecool.com" : {
		"totalUploadBytes" : 3510427,
		"totalDownloadBytes" : 74844877
	},
	"alihk1.letmecool.com" : {
		"totalUploadBytes" : 3353472,
		"totalDownloadBytes" : 79075387
	},
	"35.241.107.183" : {
		"totalUploadBytes" : 2709,
		"totalDownloadBytes" : 0
	}
}